"Intercept","wshd_area_km2","accm_water_exchng_kg_d","mean_ann_pcpt_mm","wshd_max_elevation_m","mean_ann_flow_m3s","basin"
-12.4049851888299,1.51258974750794,1.08327971950698,0.119837811628107,-0.00171951844419593,-0.520662739785027,-0.353688920929947
-9.04370489321555,1.26051235516378,1.08306679508788,-0.176540987339696,-0.0200767627492583,-0.310236126559134,-0.531432964626379
-9.34744914888695,1.27318635730584,1.11288290269255,-0.130135406202289,-0.112131703926985,-0.31870718514469,-0.464683554410998
-11.4723234509258,1.37561005934071,1.09442226259506,0.183080918773393,-0.119764805646603,-0.359867954969899,-0.186341914033524
-11.66098531003,1.48408174721469,1.08468438868351,0.0925971083023014,-0.0294780364381241,-0.48679916346317,-0.544764633212159
-10.9423348622228,1.3642322385954,1.09097418540139,0.0366524293253243,-0.052607625769612,-0.37576916580569,-0.246398306584744
-11.9240866753978,1.39125548344408,1.09240932980125,0.098784432834209,0.0291142350858029,-0.432487884847881,-0.62050309696364
-11.7516405655829,1.38650462139049,1.09620022176257,0.141175578804063,-0.0522504691131541,-0.393848021592361,-0.367982575586698
-11.8067965107323,1.45898811211813,1.11588139032095,0.138782195204787,-0.126407746907618,-0.476498595810574,-0.387805166621598
-11.5709930374246,1.32943497869507,1.06881302508457,0.142667037618834,0.0185495949003729,-0.354996451216888,-0.329769274922761
-11.3515317673015,1.38730662040109,1.10055477379578,0.0585945087304042,-0.0402811453577689,-0.426517447583262,-0.41563042536267
-12.5129537352321,1.49430240300434,1.0706673304921,0.267472651009753,-0.0608405577784259,-0.470035373045835,-0.460560332985254
-11.7544838837865,1.45834671595588,1.08314716246825,0.159256416268151,-0.09535238596043,-0.427341769748508,-0.103242261301845
-10.5770821274431,1.37532974699411,1.09101233049631,0.00983268458540455,-0.0682353632592484,-0.395801306592676,-0.49200903481315
-12.7928966371904,1.51056338986409,1.09261404065553,0.226143459913924,-0.0950655079435185,-0.483868828218831,-0.0461850281046803
-13.1208736074545,1.54011783203352,1.13929260499364,0.303898320176249,-0.213827993388697,-0.541076833884771,-0.223772422803179
-9.9501651788306,1.31069019592687,1.09064490976558,-0.0884486188007154,-0.0446258111384397,-0.328217110921988,-0.494935657964379
-11.160327921858,1.3753183180079,1.03664536596476,0.204261913158283,-0.04469328121213,-0.341445256118103,-0.307576570597988
-12.0794648085261,1.45598096344723,1.09139672444061,0.182797923462429,-0.0683552679888643,-0.438868370068814,-0.282819965571605
-12.026545412084,1.49603609799281,1.10152319377552,0.163019067012629,-0.102050396137323,-0.491631136620479,-0.560644204284126
-12.3476603187631,1.48330299907824,1.10077757970308,0.155679111626299,-0.0381742366905117,-0.494121487651089,-0.571380481779395
-11.0579120451538,1.42088439771672,1.11374169194182,0.106110344471558,-0.179909293054439,-0.408797268776678,-0.332064955401931
-13.4761561054667,1.56467162755758,1.14827991495673,0.190035425865114,-0.0683605073397679,-0.595032354247825,-0.593884402001513
-9.52170343996669,1.32548323911729,1.07506493817597,-0.164635540195444,-0.0137286679634227,-0.362935054493555,-0.304871136623224
-10.0786455714934,1.30128136988293,1.05950853044827,-0.0656063299607298,0.0704118277916375,-0.338352755592261,-0.693035936789916
-13.2280085482176,1.57182471181101,1.11947040018272,0.230579223221424,-0.110465223356624,-0.565930801300594,-0.295479620312653
-9.43685842604032,1.33974445436911,1.07531740829774,-0.23832890326809,0.0473769580410744,-0.378061991117871,-0.328591715459813
-9.99987595011972,1.3373302865471,1.09454635581667,-0.195334966929706,0.0714944279547111,-0.393853025182309,-0.526465068089643
-9.83187093050834,1.27510072169683,1.07182600967401,-0.00841518320285788,-0.0620620950532219,-0.301031352422367,-0.665287970002372
-10.2526450487854,1.34148909709311,1.08462944198905,-0.0581796003110859,-0.00469018555480531,-0.373725458883999,-0.512202167975276
-13.4913921559755,1.54777145312944,1.09899828175398,0.389796823172417,-0.147161127403605,-0.5248857927996,-0.34337579925017
-11.1882282386772,1.26467081296761,1.08025591891597,0.13769360965143,-0.0277212883365567,-0.292966243967269,-0.271236499081798
-12.7688198241695,1.44327771498803,1.08375269041819,0.25158287262674,-0.0120521274640387,-0.434016495558526,-0.363130340431572
-15.1287021225355,1.58060142775597,1.16481531257662,0.536156774917709,-0.256784608019346,-0.564166858781369,0.0298371534033851
-9.92451416916697,1.38052800416244,1.08767041375183,-0.111892522560288,-0.0154918599432538,-0.405058430869697,-0.72174638443599
-10.0995692071437,1.38020998090095,1.07624461802163,-0.0472114821642082,-0.0403289092860481,-0.372600266164525,-0.431831582522176
-12.2307775791031,1.5022707510749,1.09206666791063,0.111171920663636,-0.0566733772278965,-0.496824835678891,-0.213969541562839
-11.1094021633641,1.38605944328725,1.12365988203055,-0.0217327783083763,-0.0367892360544223,-0.432262979381939,-0.522073385050783
-10.1523396575185,1.33572922201347,1.09122207066497,-0.0760662863594943,-0.0105352112512256,-0.368095275719191,-0.633026952508466
-9.10107055818978,1.2367753409667,1.07362020542635,-0.0919651917454539,-0.0499791180012119,-0.277338854039955,-0.496784295457458
-10.0816020779087,1.28964402856028,1.0443740302125,0.0245421658132838,0.0187611531791254,-0.309921891617147,-0.618774910127334
-11.4895888572116,1.43155304375034,1.11443807677397,0.0283959625861666,-0.0372691114503714,-0.462573822476876,-0.636471348608533
-13.3370280707304,1.49242613949733,1.10157201738713,0.331218708315254,-0.0886760318513271,-0.477309747656282,-0.270582847063574
-9.09460051569122,1.2957304935176,1.0644658970547,-0.244011611438052,0.0729973235644061,-0.348233553347724,-0.394082310321661
-8.95137020602659,1.22734175343892,1.10220370279654,-0.153630045946704,-0.0843753766659284,-0.270451102334305,-0.338639057914883
-9.90426372907613,1.37039148984017,1.05755674979824,-0.0780082853730525,0.0125799398470027,-0.386669981020505,-0.757726254980838
-11.100345335443,1.34618909590307,1.10860794512167,0.0543080466939458,-0.0417564995467227,-0.371232118354245,-0.671957462338676
-13.042301230213,1.5488590955522,1.11098597999975,0.264941644467825,-0.113432101156343,-0.551210966124759,-0.501762086663902
-13.3038090645341,1.52267822915201,1.12899664318197,0.340101332059,-0.22810979167678,-0.505565479192841,-0.244447478611709
-11.0950091956,1.34371005391283,1.06603198937338,0.0987797230838822,-0.0107632063869054,-0.351399128250274,-0.333384577357506
-8.70076760879277,1.30047435188378,1.05976028974731,-0.266416500572429,0.0286211417238348,-0.339346850679828,-0.577334672942849
-12.6667660896302,1.49906333603509,1.07524618954225,0.324514771433115,-0.116305163713254,-0.483903051008611,-0.372420854937577
-13.95721178896,1.52237771197142,1.12127605017258,0.41387438984334,-0.1554154749066,-0.509650209286303,-0.188907088207166
-12.6676167528456,1.53103923000665,1.11907794903361,0.161800551260028,-0.0708110718281481,-0.552856071635199,-0.589444504165785
-11.6851694362897,1.43919155044369,1.10698948586959,0.149844415885894,-0.135749434505866,-0.429064793621841,-0.35323445682943
-9.12200042289319,1.32132755742604,1.09618336965406,-0.154015552391142,-0.085262856353434,-0.335909057678706,-0.591478320724519
-9.82178428227096,1.30418723379337,1.06402502940915,-0.1021839222265,0.0518404451760317,-0.342702176316862,-0.70259719814635
-12.8175135541566,1.4739032372631,1.11314036992459,0.31501840064158,-0.170719345939271,-0.449766748885157,-0.126512343286031
-11.7389479972027,1.37596550075805,1.09924508449042,0.154307205647333,-0.0758729967677444,-0.378846146264434,-0.226670133887919
-13.6531647673866,1.53667439777907,1.10732658257361,0.254422383576909,-0.0808920488121511,-0.535989003733407,0.0961920679726739
-11.0444982681779,1.33836867203315,1.07960886041393,0.0156318736852317,0.0322302830365346,-0.383517120817367,-0.420086346210758
-13.4055667398367,1.50911266882548,1.14372046554881,0.325260097219925,-0.189703874672185,-0.505566012592016,-0.181932698408647
-11.7044641273239,1.34277312132828,1.0535363667828,0.204499500861816,0.00996211626625408,-0.349689231639532,-0.365817001923185
-12.937578295724,1.49615518452618,1.08566778932182,0.314588871934988,-0.0880354587073194,-0.471445835140844,-0.324514400985049
-10.8498057249714,1.43445704223441,1.07275080244636,0.0275432413315128,-0.0311523720784491,-0.428448305475142,-0.554346504989129
-11.0496653565753,1.3823615552877,1.09262135459103,0.105011254459087,-0.100091594698958,-0.381122854354809,-0.401041778346698
-11.0224430529633,1.35521654510424,1.10050245194703,0.0737543749486956,-0.0879829091647714,-0.379438577086303,-0.332563998868344
-11.6216225215209,1.44134415104651,1.08237427408236,0.0905269165562649,-0.0411999568013273,-0.439746644712271,-0.202219509281037
-11.6923533865874,1.40499164158624,1.1107553604878,0.106903426912897,-0.0647559716903785,-0.415287433599289,-0.349307592214508
-12.234265202275,1.48467963489776,1.1267941939596,0.169795838936981,-0.139959397716553,-0.499140213606552,-0.428022811183412
-9.21391827397673,1.34341480840624,1.07964958358984,-0.153014712730193,-0.0383561080675508,-0.374861658907626,-0.714724071844453
-11.0891305376283,1.35362116586462,1.0754164590144,0.119168451561351,-0.0529454373558002,-0.362159744147631,-0.368873765279252
-11.2108245194084,1.34255241158799,1.06144790573275,0.117059112104882,0.00306774976627695,-0.354017250996729,-0.433351804868957
-12.3457309168455,1.43932524602855,1.0978939620146,0.207176833119943,-0.0643600643474781,-0.436056942122944,-0.329475493804487
-12.1944883971508,1.4437986394033,1.0918548187245,0.215858666189391,-0.0802140604212654,-0.440807143979967,-0.433116936411739
-11.0551647634478,1.42016834804545,1.09214262836173,0.0343390654359638,-0.0431517348060751,-0.443928206021607,-0.652975340497464
-11.2228145178348,1.34383416980708,1.06304777023121,0.175759013880856,-0.0601990014005838,-0.347992324092862,-0.316973849845857
-10.6156975557012,1.3333208547997,1.06445753432329,0.0546798881360353,-0.0171188931175769,-0.337140240996164,-0.41629652118264
-12.3629346885326,1.49802597802446,1.09194096649862,0.190519582901886,-0.056345508806289,-0.483381017077789,-0.466518395442976
-13.5340654744009,1.5360915431228,1.12338611070866,0.307494673665035,-0.115374491956947,-0.523077389308643,-0.226601126350082
-8.93103761627071,1.28533997013377,1.03855045054026,-0.134257427938915,0.0349978386191657,-0.306188036607509,-0.623701575370826
-12.2638418878229,1.42143322603344,1.05614544369094,0.220079856021423,-0.0156990913882688,-0.406848935864136,-0.152014796119385
-8.77825207075169,1.29302500373521,1.08921827757094,-0.178992630306705,-0.0802971546904566,-0.332381370549366,-0.55830097275988
-10.9492474580533,1.48291555954021,1.08864496791713,-0.0985065027256583,0.0182438448197793,-0.505976545529439,-0.680166898837029
-10.0546504090885,1.31686921240274,1.08019514469261,-0.0664142779224113,-0.0215408177106428,-0.333244377997229,-0.560658711381273
-13.1914079210537,1.50631178902245,1.12378406863179,0.301284459690125,-0.140917329639921,-0.502667091202444,-0.308081835843988
-10.806133570626,1.32442458675176,1.0911263145999,0.0974198403286989,-0.0992217119655653,-0.337084065081528,-0.284284850304727
-10.3078065984412,1.3223957478128,1.05792478201317,-0.0117742882671419,0.0376743727396649,-0.342672256774465,-0.651787362186891
-11.3139246783723,1.42405250952736,1.07235539360521,0.105164482400737,-0.0292593077247594,-0.422918230960498,-0.47205344028287
-11.8887271254006,1.4139331261237,1.09756651003733,0.171589812736869,-0.0819650354716068,-0.396245116397935,-0.241957516886202
-10.9728459995456,1.38360996558388,1.11341868610681,-0.0267309040399063,-0.0227959019937707,-0.41907319666282,-0.571862504789527
-10.2930850547258,1.31770427724365,1.07849899645154,-0.0408949854336117,0.00492583937903826,-0.343649516531145,-0.543044732675606
-9.44252618078079,1.27291101667225,1.06293147769806,-0.168578315240303,0.0857778077009027,-0.320557124569923,-0.653402011007585
-10.1943631293848,1.41094180102183,1.07142476876615,0.0605237130959395,-0.113961617406221,-0.398748712345454,-0.408069325652919
-12.0514620107691,1.43987252072254,1.10329335406426,0.187629736779752,-0.0971739785925117,-0.430829668733387,-0.361000362994678
-11.2978950444988,1.37253062477304,1.08367360708245,0.0499723369409266,0.0184270960212309,-0.406809944381516,-0.493118467680395
-12.8142801482322,1.47977585273799,1.08069123967043,0.281342996135945,-0.0640117288875078,-0.462690459383015,-0.301537441869644
-12.5329496404661,1.39972486800542,1.10300551324907,0.248530931826015,-0.0696397367070714,-0.406469210268109,-0.25028009391533
-11.9909960018988,1.43733608307752,1.09358332089333,0.184855412818633,-0.0823770262199922,-0.435146195287555,-0.384185283348125
-12.7229089924709,1.60450497195029,1.12971285175743,0.212428560304982,-0.144602243986555,-0.603929471175097,-0.610223289892185
-9.81224535597788,1.34755663550468,1.06984310115695,-0.133849820051179,0.0479103299943979,-0.386477196006729,-0.744950319887695
-12.0314291334959,1.38274423067104,1.10199376294695,0.254042227733172,-0.142613319212766,-0.375348012191644,-0.0672275501214482
-12.2651306242146,1.43087715786362,1.10845473201765,0.196359160709306,-0.13123405982134,-0.417226746966757,-0.48407351439844
-8.58907679179086,1.27098012743914,1.05366272844619,-0.252944158611425,0.0744676161457734,-0.313986175532789,-0.742922573335325
-12.1502559012103,1.40938852155271,1.06909134291767,0.229152075700853,-0.032346044416788,-0.406968308589347,-0.291076961445585
-10.5121240394582,1.25577293497124,1.07266691144712,0.114719596696853,-0.0761481193665712,-0.249595476761989,-0.124635813684785
-10.2662104870798,1.32916777510619,1.1171308813521,-0.0229940623949271,-0.118078538521592,-0.337849592272303,-0.272795747027013
-12.081528849829,1.44641323778374,1.08948197776224,0.187261207533723,-0.0634408355834605,-0.440895818246511,-0.430982414122707
-13.6856025185575,1.54849852058407,1.10236505382893,0.411981639903469,-0.150876823951171,-0.524587431482369,-0.286500305895064
-12.6390182742835,1.4446726226414,1.11854457428559,0.216183325900807,-0.0861803083933638,-0.45121421283844,-0.335679513372791
-10.5974088477059,1.32870781339041,1.07217880734049,0.0224543425599569,-0.0422914085514405,-0.351166823210222,-0.582775427836616
-10.7238194904631,1.30421879819998,1.1109299711804,0.030502725213616,-0.0795337835804777,-0.344780232498294,-0.312154499858094
-12.3313515743017,1.46422246186675,1.10043590325223,0.22570931149452,-0.105793281714979,-0.442512807075151,-0.273037331155463
-11.784177147426,1.41781826686337,1.09470760135816,0.163066977601507,-0.0801471197397843,-0.424347248167638,-0.403064281920907
-9.97361285488928,1.31495182152833,1.07057951553954,-0.129724114576962,0.0836524218748664,-0.359385041148329,-0.618973170194566
-9.76950555277976,1.34059422199311,1.10895280499928,-0.146482349695176,-0.044319678892907,-0.382380588346314,-0.533714691129955
-10.2958536572865,1.28700894225478,1.06760252199828,-0.0314240616373828,0.0449392160886654,-0.325662973972555,-0.535174539001547
-12.6914405518405,1.44831957948593,1.06458403631127,0.272124741011558,-0.00206809682196072,-0.43340067229393,-0.423102564967553
-9.98775291591587,1.2977025409813,1.07593215110848,-0.0995387087788291,0.0216021072597923,-0.339013351634997,-0.342118595789077
-12.5540136486822,1.46052456031942,1.11576363874784,0.180074870055583,-0.0625757012627009,-0.474910607075101,-0.434678460243527
-11.3279593319741,1.41762586858214,1.07245572569563,0.161690269894239,-0.090662524527608,-0.396410719239718,-0.342123055004318
-8.7104258333802,1.27913281128065,1.04760191885579,-0.187702419312469,0.0265685826326777,-0.306707342911655,-0.648797337748829
-11.4334643608984,1.41544337728528,1.10003041795634,0.0416629054091806,-0.0424204913371709,-0.429965301392559,-0.272219787777964
-12.1069637933386,1.52402588753069,1.10925612094659,0.0381581360270908,0.00810859092088276,-0.5485606395633,-0.706194197325338
-13.9075493217742,1.60165590583156,1.10975957841631,0.281155999096653,-0.073868093125652,-0.586742535614606,-0.285711572902128
-12.2524292386685,1.44383566629239,1.07312244687072,0.331422270155974,-0.153982205715314,-0.413683817375962,-0.148949857993451
-11.0373958770741,1.35946219212544,1.07734604206634,0.122978779430709,-0.0701508113001087,-0.382616210403832,-0.392071002035236
-12.7701981789478,1.4525282072559,1.12097094327691,0.193532294398025,-0.0870236520846984,-0.469762593236785,-0.317381818611678
-13.1498473668955,1.57630217471942,1.09411300628421,0.362629019627197,-0.1700192871586,-0.535118362701589,-0.454385283256843
-11.2352053949153,1.39361255596128,1.03469063189389,0.211429822150608,-0.0418405765025234,-0.360685328221111,-0.434569510209731
-11.841997385557,1.43587168265147,1.11267881548089,0.202891901962684,-0.174351320321186,-0.430895889974666,-0.221933483294316
-12.2055406698707,1.40835137975605,1.07219366467881,0.186164442197472,-0.0250066566300415,-0.404402275775484,0.0379785508670839
-11.6583905514467,1.46810765824791,1.1024527016429,0.0707736634120103,-0.0425200580129157,-0.481050092720135,-0.567301904439695
-10.6037459374321,1.40773258521465,1.07926157488141,0.0407331364661451,-0.0759590368318732,-0.412542932274248,-0.561958522981452
-11.3776881516122,1.36992156856592,1.07683492168309,0.13447742450992,-0.0355099631781722,-0.373534998142396,-0.353015896037483
-10.4915455026544,1.34886618834729,1.07236638847342,-0.00701568600360676,0.00488120882820652,-0.3756955656013,-0.55784273957199
-9.99159899496504,1.34602815376355,1.08589546985561,-0.107803178602529,-0.00346317796897795,-0.375649476553011,-0.626309617178772
-10.8609260270102,1.37883832589311,1.08079224066356,0.0479716928917545,-0.0458756582964487,-0.393395470315873,-0.410752745752659
-9.9159257523802,1.42459447307975,1.10089263575615,-0.196279764460616,0.00426983911861601,-0.453018944051041,-0.438494841979724
-12.9827801593574,1.49955951248225,1.10713556943025,0.312548188363633,-0.137354186474969,-0.495415078517133,-0.350772191387635
-12.6469136978056,1.47551559432647,1.09247026656437,0.304294411779062,-0.129044057767337,-0.453938914323893,-0.262709621929552
-10.1360821207463,1.36084787370112,1.10694098897083,-0.128183573682107,-0.0149279094516328,-0.408379351819153,-0.606364501636377
-12.8442309073593,1.49415660825813,1.09020832390731,0.294612760811247,-0.0913952329629075,-0.470223785717393,-0.363768043216845
-11.8157810163357,1.43050575239189,1.10617192229197,0.136118926730758,-0.0863133675692887,-0.434865951551466,-0.326545796892936
-14.3284691299231,1.56655444891103,1.10753314797529,0.436800821479891,-0.109038547077513,-0.548083248811128,-0.358645179031204
-8.86699146117732,1.27087055754535,1.09853609454754,-0.261619695245621,0.00378272025181501,-0.325035281830548,-0.493668888481689
-11.7195435204864,1.4803447625017,1.13464561172132,0.159247238592744,-0.220049354140379,-0.470010172586708,-0.224792536826905
-11.8561635663871,1.37185302854459,1.08442678358564,0.170839296503877,-0.0223060154147269,-0.376693918743476,-0.42913020214437
-12.1717262120127,1.52456428783782,1.12067402853054,0.11418074896757,-0.0902602596028881,-0.526494409329284,-0.535857467168165
-11.3962354189961,1.42987821364754,1.06275312542437,0.0939570271219371,0.0113706249355035,-0.436613675308804,-0.567067695342538
-10.1754468357356,1.29332728436416,1.07576634532791,-0.0349129662386147,0.00736240813650113,-0.321454877324068,-0.496725827294925
-13.2535444431958,1.47728069712572,1.11149945510127,0.324504910396489,-0.109909869596617,-0.476999813934706,-0.252737218148333
-12.8130575585619,1.47653642961238,1.08959801899494,0.228485579437439,-0.0194885079539114,-0.472328945325715,-0.409029648401846
-13.6368300516837,1.44997508225821,1.08303340365959,0.378302876416337,-0.0670442998398461,-0.431418009112078,-0.136793862424998
-14.0316112534804,1.50845777047964,1.13280497477649,0.38249728512751,-0.130861190119172,-0.51670389332616,-0.209329921852948
-10.1743875213064,1.3390205097593,1.07413129221129,-0.0493914604626859,0.00199959593058291,-0.366611110057603,-0.618034963357791
-8.44753100093839,1.2927764194465,1.07567401658084,-0.293790423049234,0.0472473346053153,-0.338567855345219,-0.539168941485979
-9.36347236997445,1.27281125653509,1.03465038757455,-0.117509437392899,0.0360273956270333,-0.289330846286857,-0.30004352447011
-12.2637602057753,1.45584705009123,1.10799155429223,0.26647954635381,-0.168755998870344,-0.442153750890368,-0.284413307671194
-8.00336197956141,1.2582383888192,1.07662054965484,-0.289510130847142,-0.0278816926421399,-0.299498516134686,-0.639500044518607
-11.7357089130511,1.42293256465052,1.07985795453971,0.175568091200417,-0.0647817731791008,-0.43438704043616,-0.479348838920089
-10.5164119650983,1.40375418751782,1.0568481781042,0.0592957965122415,-0.0479867906878497,-0.381854236235613,-0.491447813286174
-12.3955770208062,1.54185374609026,1.10927481292696,0.115613721496935,-0.0487592385547197,-0.541780973483104,-0.156532214668403
-12.7263763705318,1.52842458622253,1.080617454184,0.183750865980932,0.0198839223082319,-0.530632128626012,-0.635554109094295
-11.8698280956535,1.41939525976272,1.07472835135279,0.233012053681728,-0.0858271498727767,-0.403894080931906,-0.36942480017893
-10.5744682413074,1.3430277032485,1.08261645229859,0.00114554558980202,-0.0200989917439284,-0.356660744528855,-0.419466467433177
-10.7524314142181,1.31697684742628,1.07136223659662,0.0169720544795119,0.0280232309976454,-0.346371632833264,-0.530828748799808
-8.92297761025391,1.25706925939753,1.08314839290832,-0.19744313453086,-0.00536097343045467,-0.305239429728603,-0.540657891381657
-11.9364272181275,1.46994135365897,1.10952041039235,0.101015351626173,-0.0929240121434047,-0.462430048574916,-0.553987633652128
-11.0345029409513,1.34887920619821,1.08755304578407,0.0463155758534997,-0.0138594467968922,-0.371749294762808,-0.361745968856518
-11.1322744143278,1.35287734699889,1.08836471711558,0.138001097173068,-0.0963384784100594,-0.338466023697864,-0.260104854983402
-11.7220802882912,1.44317373621468,1.08924689526665,0.0758035114263486,-0.0285911471760558,-0.444142144058996,-0.0639493460599445
-10.9775190757097,1.30645862289177,1.08825972335615,-0.0115505897152484,0.0230667077633987,-0.344223553267778,-0.265057774538949
-10.203740859728,1.3281106596268,1.07441147614466,-0.000828280547664657,-0.00887227611026777,-0.347330729870933,-0.862307434993151
-8.74649694896214,1.26198260585379,1.08096517420439,-0.203598663315113,-0.015758066079807,-0.298704921991211,-0.598359501965539
-11.1797289498744,1.37212313658676,1.05974866027505,0.102091435548985,0.00802681053063353,-0.379887508227848,-0.491839285509309
-13.2526520911956,1.50457921851146,1.12182707798219,0.316053201147974,-0.146003658804338,-0.516966146233881,-0.310160318935444
-8.97493484318594,1.26329979012397,1.11331121905195,-0.177589747188355,-0.0930690395230178,-0.293673032636547,-0.374114360370964
-11.9720026544414,1.4300358602601,1.08733992733881,0.189552732819375,-0.0657018249246565,-0.430128375249561,-0.40409130103705
-11.895472424182,1.41197447305893,1.07842680123522,0.166815495005751,-0.0240149607015069,-0.412670637452723,-0.437060673585003
-14.0283767985607,1.59429247831085,1.15215171948974,0.385801713989513,-0.226185938126247,-0.581222951297317,-0.213640863678691
-11.8461466168174,1.524976402661,1.10447121377161,0.0827521728977952,-0.0522125082159283,-0.525529877934952,-0.510516081487516
-10.5817890221369,1.36528251843536,1.08881271176192,0.0202901870180224,-0.0663766730466901,-0.386432062195116,-0.422553895988985
-10.0617865656815,1.3431776543283,1.07016855954931,-0.0548797605419394,-0.00169164392714997,-0.365658204235954,-0.527336403628152
-10.11056112004,1.29511534607963,1.07270437373863,-0.00298599254575591,-0.0332558015464361,-0.324635889051314,-0.409397136422614
-9.59955411169076,1.32676000811,1.05524154078805,-0.146187922698129,0.0645848492728404,-0.351677387583481,-0.74234889722733
-12.6441451919153,1.53507259545915,1.12276630283371,0.0930007638117323,-0.00716081119180762,-0.569674558364472,-0.709651882130724
-11.8002720252059,1.44059567427409,1.09741904783757,0.126904828148747,-0.0553918052732048,-0.454023166768925,-0.501946649497449
-11.9399305497137,1.46072109301224,1.06958878694062,0.142243838503728,0.0122639819810093,-0.453537220522958,-0.644098286649323
-10.1814395162176,1.32262291592243,1.05838241113764,-0.0294614698536168,0.032735413008682,-0.350943233936276,-0.612318277839472
-11.5207283161515,1.37307581940542,1.0468748398847,0.18868791065975,-0.000583695016552511,-0.356823579698338,-0.41855079115321
-9.67038132060099,1.28875943995291,1.05988100709434,-0.0680186611553432,0.0123517557599311,-0.321981683170514,-0.57748306498585
-11.7973744480396,1.45333984889268,1.08584433304842,0.12342616853924,-0.030301169999332,-0.451845999408982,-0.511515598383758
-10.3760676461461,1.34965889031381,1.09122291183373,-0.108835595697867,0.0395388067208111,-0.401132269640755,-0.560677598149881
-11.4393407756637,1.49483847990825,1.10343249826227,-0.0609172912308037,0.018620489486043,-0.526210648522149,-0.651097314456124
-14.8088094231328,1.63007635885449,1.14417888905235,0.392611835869363,-0.143893368348159,-0.624978108150919,-0.338718720312241
-11.6694790824767,1.50827443799819,1.10194767014734,0.0600371092485794,-0.081299622240916,-0.502426574877247,-0.570924203036682
-10.4558434160229,1.31628645821871,1.07370539807401,0.0456585451804054,-0.0451195702181653,-0.343077951897143,-0.407874250303433
-13.5643064692403,1.48270816673746,1.10151566085329,0.322620635774188,-0.0646647928532917,-0.482097217752795,-0.105450217062157
-9.62231800212885,1.31319180578041,1.05813510293739,-0.106844913843882,0.0276216808124529,-0.340809147429246,-0.52324556394953
-9.34540523376418,1.33867405694672,1.07472811757445,-0.151267515435554,-0.00976532229452826,-0.365763233906182,-0.633179968128475
-12.2612443377381,1.46353381222969,1.10727084880104,0.266632822173308,-0.171302896715451,-0.440898247369441,-0.235171700662867
-9.3733697783579,1.24130326644516,1.04115142173453,-0.0852589361509235,0.0558487366884299,-0.271771998785318,-0.498152032901934
-11.6512066964511,1.42911262262741,1.10045737612527,0.197538878220822,-0.154806283569583,-0.413625804937094,-0.252753587872226
-9.63386364591097,1.31042821602929,1.08359966431249,-0.156310917169157,0.0281433547428824,-0.351275640803176,-0.707692566575224
-10.9705460099546,1.34947355038528,1.04428076078781,0.164256994618926,-0.0346935317368942,-0.326142263209883,-0.346431239116272
-11.0138019433813,1.38410441753984,1.10792573715484,-0.0136696059239314,-0.0252257808372215,-0.416210346297017,-0.509328517329781
-9.2755350470781,1.26336469286663,1.02580551978755,-0.0685709479080674,0.0541159794678402,-0.290152377683233,-0.529223463963783
-16.6608662360166,1.82220176053062,1.11175702467592,0.679663623579295,-0.159029813399715,-0.78365193185104,-0.532971393066353
-11.3924712984703,1.37967979002329,1.073568479047,0.0707013491337944,0.0301995096451322,-0.40216183316239,-0.473105757869281
-11.993933899331,1.39184645589622,1.07933276807532,0.249374808848522,-0.0932587098630888,-0.380497665599446,-0.179138814434382
-11.1726208928952,1.37286684859784,1.06853397892806,0.13533301709357,-0.0473631333131671,-0.384844350080167,-0.633008943097651
-10.3216833587037,1.32971212363391,1.0675965288606,-0.0488705350651226,0.0486098428000401,-0.364858646488304,-0.69700301501796
-9.77875184560426,1.31288509781043,1.08283871968424,-0.0949058076226064,-0.0186674192599558,-0.337994231483576,-0.526892663916734
-8.85280340574385,1.29262516767251,1.0501463865292,-0.196630799535319,0.0493940236126462,-0.320542399741466,-0.693797727912672
-10.4770303465855,1.32618264365543,1.09118742573282,-0.0537960638195678,0.0128254020450282,-0.369484147809439,-0.481206479923307
-13.6693803381503,1.53029739801748,1.08913820551143,0.332319587535671,-0.0295943865952516,-0.528940188704429,-0.450552498776163
-8.53902763039796,1.2334781894599,1.0428791744632,-0.202742846377415,0.0489354900969284,-0.267583620641084,-0.628396548476485
-9.848796390204,1.30849198356611,1.06990480701238,-0.10108500211605,-0.0024592379398583,-0.339088928654634,-0.259159460132888
-9.27021278234488,1.29660949422549,1.0907312571287,-0.120862427807396,-0.0799656444175036,-0.331503989059003,-0.47995448560063
-11.9575890570101,1.41228682449855,1.11208739550848,0.215345061127978,-0.149372248881815,-0.411503623165029,-0.281825831479133
-13.6476564321544,1.57223306272866,1.12209850573023,0.246014767906269,-0.0913755960088956,-0.563888714441062,-0.197700995410546
-11.8021890858586,1.41546254588388,1.08241543779339,0.159283962542017,-0.0444170722846675,-0.409830930905009,-0.34036039198391
-7.9050264429955,1.2810205854775,1.03251995233552,-0.282835800889163,0.0576152219018656,-0.308845421444679,-0.897415449575727
-9.98390059696839,1.29887445171805,1.07386698264013,-0.0726395876105222,0.0159422697171655,-0.343247523598287,-0.52720099719684
-13.6567905770442,1.55715133449053,1.1392416797976,0.369592612878292,-0.210421517052847,-0.538971550338819,-0.188110466926335
-10.150405364712,1.33919139830043,1.07386086491021,-0.0687104427985138,0.0163016640875875,-0.365706881229888,-0.430880696025943
-11.6200310168096,1.36206900802683,1.09569804896946,0.119444260178541,-0.031893747250929,-0.392828629444114,-0.419079169865568
-10.6241671816782,1.41076614409053,1.1149620608662,-0.0867606303006057,-0.0335549498669609,-0.444460231286066,-0.673102305478962
-9.62576276160019,1.33925997162397,1.08059976364065,-0.209293472815897,0.0727580021234222,-0.392773705919224,-0.733334886716009
-11.8851179449093,1.46500361834051,1.13267342672332,0.167282951596971,-0.18649435282042,-0.457403132652649,-0.517226770452717
-10.4576159049543,1.34976266283729,1.10721789519025,-0.0799762243254944,-0.010809689452723,-0.385401744444902,-0.506613982275911
-12.1970640008948,1.44886577768789,1.11245538001122,0.164092520421013,-0.0879274641675296,-0.465534063925404,-0.381504483497188
-14.1916387775154,1.67695540268188,1.14703100225704,0.25732464817667,-0.13697137181095,-0.667715578597456,-0.235458911375008
-11.1457690945455,1.4026274648344,1.08300799465404,-0.0214919668368959,0.033095229161003,-0.443615410063108,-0.621439728380397
-12.4727786695394,1.4406978640853,1.09034341044325,0.252784489680797,-0.073223758438121,-0.430151339175556,-0.294721672426998
-10.8071175389419,1.36680068657553,1.08932200086305,-0.0199222718427215,0.01244983081295,-0.399108982243707,-0.51962772766931
-9.76862099364106,1.32842576957397,1.11272824717666,-0.193295390598977,-0.029571061110967,-0.370864617885696,-0.166301249329248
-9.40867263759701,1.30978214204523,1.05273860274096,-0.0415576049121961,-0.0462253588850821,-0.317946089799391,-0.47488431513741
-11.3880496917645,1.36564452392578,1.07962922565888,0.0574778826541652,0.0383713978676989,-0.402687610987718,-0.617697521081369
-11.8428555297842,1.35680227719029,1.11503622449234,0.155257581137955,-0.0904291703442518,-0.375823355882088,-0.217039236596986
-12.927418817591,1.62568698926888,1.12932298818464,0.139157235138491,-0.0765304811766626,-0.626028867880078,-0.682685045818005
-10.7707000153616,1.37977442569965,1.08634491520066,-0.00130010004100214,-0.0118140533234826,-0.406301433789406,-0.553519482963275
-10.2906618032541,1.24985010066103,1.08767034169461,-0.0447622876765733,-0.018132484509201,-0.291721136675783,-0.388626112430491
-11.835508076136,1.38540763969243,1.08567663150755,0.138486600565458,-0.0133100054342314,-0.404094224896192,-0.4227562718567
-11.57248848711,1.40674951273942,1.08388818968001,0.0378235191623053,0.0171901039760169,-0.439325988968229,-0.404823972129492
-10.6852545388744,1.35224442173526,1.06164078893072,-0.00934332783743075,0.0578762148803838,-0.38401529177609,-0.630747474822737
-11.7911142239868,1.41372952320552,1.06454055217335,0.183824896042796,-0.0277228897205318,-0.399529188436298,-0.32184997308474
-9.03304239642697,1.2736904823264,1.04387779487237,-0.164512322310343,0.0659502206167442,-0.302356452617319,-0.613089719159725
-11.6097851242528,1.47963543602678,1.08673622396805,0.15692328571661,-0.10963950192644,-0.485560711134288,-0.547361114699314
-13.8840766976012,1.54612573969492,1.09625065769718,0.391589051269137,-0.0847680960906309,-0.524329617859236,-0.761896942640342
-10.6676941793245,1.28433481644568,1.06208173506024,-0.0206567691824453,0.0901784679390775,-0.339734561216594,-0.467931832602034
-11.0068812420991,1.39748637269631,1.07248614147775,0.0493123429822884,-0.0212844243699784,-0.394575563123963,-0.712049807799911
-13.6638559838907,1.53340918802631,1.09387735822205,0.34328997638303,-0.0547750905607297,-0.518443034514434,-0.42126050090387
-9.87971057401749,1.34546848527823,1.07018757847414,-0.114606304128665,0.033336454430063,-0.378773772075927,-0.689645793177671
-12.7639637101433,1.47500648197144,1.10475852424126,0.264461097980695,-0.100232690216685,-0.476167323416778,-0.321948999738581
-11.1558876062219,1.40137366304803,1.10909683908236,-0.00916520604891877,-0.0531174887855556,-0.408476655160915,-0.28222821493593
-9.26937107777131,1.3016071482157,1.08299999397034,-0.197085527686424,0.0191944571573319,-0.336937901911641,-0.517060688360909
-9.53945746497834,1.26928778482252,1.0863214150327,-0.148571007982485,0.0237216319112301,-0.323115714144708,-0.904161607677483
-10.762858611268,1.37097820717557,1.08696078533697,0.0637280364288462,-0.0752471852121249,-0.382888840555883,-0.54066625137119
-11.5447514374052,1.4701112888819,1.08954900257591,0.0111669137101847,-0.0129127072469698,-0.49035308421075,-0.332330517501027
-11.4414285355528,1.39396847928795,1.07050439762247,0.199407470664412,-0.092898919619662,-0.382327857075601,-0.318783214537168
-10.151133517848,1.33574858853945,1.083900339608,-0.0878225879528792,0.00844526549486317,-0.380587175860803,-0.621455451738287
-14.9057036165972,1.63358777619202,1.10370786313292,0.485781740798478,-0.0969334950145635,-0.608705690050016,-0.462466630405383
-9.55061306477172,1.29634138114357,1.04876444502389,-0.103022120410091,0.0586691078522949,-0.325210302050188,-0.69288612690416
-11.757012287786,1.45073606823191,1.06481157293975,0.138906051330601,-0.0294614580543968,-0.434227184041091,-0.236470020452672
-11.8664816276076,1.38736051833927,1.11012348229376,0.181629411387682,-0.111398568264952,-0.392791433203561,-0.263852397811563
-11.8300882446309,1.41237437866693,1.09379790008486,0.168935733650821,-0.0700565226181182,-0.408722775875855,-0.402088802868197
-10.8516744944902,1.41013908954536,1.10255865004142,-0.0417610976448129,0.00532713876334109,-0.444163403181005,-0.591655666678637
-9.31856993108765,1.28873892931434,1.05747287330125,-0.145294261532799,0.048716922706267,-0.331059491676664,-0.650088973056618
-14.0727691236462,1.56004166238172,1.13546194608306,0.406129937776894,-0.180736441132477,-0.542879651576037,-0.230522070328661
-10.7554780958373,1.3030872996946,1.06646242609119,0.0560286908912156,0.00455681696197575,-0.335861056307498,-0.402484764538228
-11.0672888134915,1.44645023732377,1.11591470161441,0.00696329209999386,-0.0916138954533569,-0.46603885794314,-0.515327622971145
-11.9843338450718,1.38336633953858,1.07936304717857,0.300161775951023,-0.141264565364101,-0.366214343417567,-0.0981858497043876
-11.9132030906914,1.39329566339942,1.05953159530824,0.22524225508327,-0.0283358302637375,-0.378800665552143,-0.3340569779893
-10.1515590514219,1.28512834256872,1.08021578303402,-0.0639537616547779,0.0173949101317186,-0.322831706498854,-0.419241360583027
-12.6993140612619,1.48427861267741,1.09100893381486,0.227200594380491,-0.0424787139065018,-0.478807203567076,-0.105970560569544
-11.4221192669513,1.39286430712708,1.09470075092619,0.0942689029169419,-0.0416469013226595,-0.40259343752585,-0.559567471348033
-10.4478707634452,1.40740715731301,1.0810168603198,-0.134570630938219,0.00818280202958084,-0.423096456897996,-0.230341868232249
-11.2140301470508,1.36968432093836,1.09464555475342,0.0669159146525722,-0.0644936381288808,-0.407574954779569,-0.644640423806923
-12.3075728072296,1.49452071578146,1.11018918715235,0.144732448145077,-0.0822665677430918,-0.492102550342533,-0.243152068049537
-9.51702439661274,1.29904435733135,1.06681513828004,-0.129740348484355,0.0324391096668811,-0.327583340323256,-0.612886755111276
-9.5718345676702,1.26800051064393,1.05428674449506,-0.024202682265231,-0.0267437609697915,-0.293905769559362,-0.511456263610817
-10.1169726532985,1.28216187890782,1.08335414190258,-0.00449221105773043,-0.0501177932755313,-0.314924877406061,-0.405745796091209
-11.0006490386962,1.39648221152295,1.11515000722076,0.184547991435327,-0.256432765571496,-0.377222002306745,-0.131676434172184
-12.3488529108024,1.44324119855268,1.10625238871319,0.128899758348959,-0.00758336738229562,-0.47413534873312,-0.535279765178979
-8.94640430344877,1.3756407369745,1.09564107126255,-0.301171104200173,0.0266567764437864,-0.415693120092097,-0.822448788548378
-9.67659312274819,1.37205589259383,1.04132524892902,-0.00678659040214479,-0.0629737974754002,-0.344822924768167,-0.297838662415994
-12.2447847651978,1.43832422945551,1.0871879958982,0.141347117336441,-0.0511117404214174,-0.431191323556562,-0.0545074538836438
-11.8769535055965,1.47733951639175,1.11499182807959,0.0969126358174152,-0.142345078681723,-0.474687800446613,-0.14621306478378
-9.96480857478754,1.29761111632397,1.04322417349464,-0.0982304081217005,0.0936156828461927,-0.336856835457632,-0.73992559537501
-11.7548836278954,1.44215501394914,1.10528859510306,0.222740102609149,-0.191954742042865,-0.41626052692542,-0.18958433675817
-11.1408065665545,1.40776337219513,1.09269491513786,0.0658950242390313,-0.0629582506586596,-0.413822660328738,-0.498539758395118
-12.1230727061261,1.43838936864301,1.07948631724693,0.183872741274706,-0.0232110322853735,-0.43857898531174,-0.434036722980045
-11.3710568282265,1.37881846169886,1.08563321254781,0.133301567161525,-0.0670450584381587,-0.382650067629895,-0.340208912048405
-12.4821868681276,1.57926483910697,1.11677615698404,0.101363018844613,-0.0946176345728997,-0.575188177559978,-0.412821281753517
-9.51547033273774,1.25991754381079,1.06826292308751,-0.123289696712733,0.0387476636526161,-0.301269857304877,-0.547862029884602
-9.70405640904814,1.28358818278922,1.0574459160539,-0.104224137109906,0.0649306224717192,-0.328741289613452,-0.600232125586283
-7.84694242185147,1.26268470186096,1.08544346762146,-0.361986497187571,0.00601982180258668,-0.303359571442673,-0.661382237700362
-13.3482256712391,1.52726771272798,1.10916349597828,0.367599601154237,-0.16489753448181,-0.50744404205959,-0.282732491608159
-9.78430200526403,1.31218602173867,1.05529391095815,-0.0819674743575363,0.031743873833189,-0.341277357562106,-0.541180231653829
-10.024392879676,1.39699755537154,1.06410812275332,0.0437377149356783,-0.115642092929965,-0.359368994225869,-0.400621207932573
-15.791063839961,1.6802358290574,1.10363589860321,0.490198561576624,-0.0616517678757132,-0.662494404076667,-0.208357612382112
-11.4923877882053,1.37273519593867,1.12228581966951,0.157805163077481,-0.168257514218031,-0.379080599384564,-0.144038059554553
-9.6130736269015,1.31568893690678,1.10013851561757,-0.121989373039306,-0.0743460355200406,-0.351689022848484,-0.581619491767441
-15.0716036010614,1.64911795530824,1.16075449313808,0.436716376120138,-0.175111665883226,-0.655848938487667,-0.366650026468989
-9.85620607806392,1.26750710188248,1.05733090924236,-0.0529936389016476,0.0472442801079562,-0.306178005614327,-0.609819462661848
-11.4607345446527,1.35888779515531,1.08135375956981,0.154671250225232,-0.0656601560220565,-0.367925936312357,-0.239096940400479
-12.4878570208774,1.47553443408178,1.15601560913083,0.207156895035654,-0.211372567610841,-0.482755603702311,-0.1902712800804
-10.5658507001381,1.30587845670633,1.0536375257598,0.0309302747734789,0.0401576307996803,-0.327495245996758,-0.445120015198813
-8.31595186266192,1.29243167168384,1.05394477669814,-0.250879236696814,0.0330874747954419,-0.309649344781743,-0.694734931737457
-10.2717158099702,1.36618124870753,1.08404252199808,-0.0359904501364295,-0.0520466016709257,-0.390834389517426,-0.0554499447766929
-10.0967207692369,1.27733516742186,1.0596312866637,-0.026127453233534,0.0302291637369801,-0.306080263513462,-0.528066220221972
-8.57417703200461,1.23513392096513,1.04210523130149,-0.190281010795345,0.0535034798069333,-0.258562292982418,-0.605639997678194
-8.09143289824118,1.18760371611676,1.04233119179198,-0.25162023466724,0.0758267971873273,-0.241606162474808,-0.659382816958158
-11.4164582754166,1.47085519924737,1.11815727303047,0.0816075300570983,-0.151611714601005,-0.460956391530358,-0.364538529615013
-9.60618843070221,1.28731860990675,1.04261817281933,-0.00831721207559388,-0.0206166218182447,-0.304634896879982,-0.421150867780846
-13.5361647872824,1.51311025997615,1.08764982594516,0.374444683529866,-0.0763284067642731,-0.491293598268883,-0.29508880046648
-12.9099001799468,1.52239909141573,1.11133360729403,0.240200527076692,-0.0899872576119801,-0.519578915030192,-0.498632660988703
-9.14852241866295,1.27300660302481,1.05766352041049,-0.156762311583587,0.0450011758259661,-0.314400283783242,-0.693269379030191
-10.198989740956,1.37308202002995,1.08554676108112,0.00937506461230352,-0.105016291789755,-0.386401424082981,-0.444821130259074
-12.7538486576189,1.49742124765896,1.10096075620708,0.224685135947072,-0.0594926417157369,-0.49698906430972,-0.435861849733752
-13.7318247864607,1.57977285378287,1.11338628703321,0.330146633888024,-0.162893925212584,-0.556320471893861,-0.183626354772308
-10.1166305094571,1.27190275774015,1.07706320736669,-0.0419111867548398,0.00723809039034298,-0.315102207376386,-0.47776880931747
-13.5828654766125,1.55549638754806,1.07667901068384,0.43135408204479,-0.124550543180056,-0.514438019899445,-0.352097421418458
-11.7233193886347,1.41853684660516,1.12048817865495,0.105849392230317,-0.100944510478814,-0.440345059821922,-0.267124314626044
-10.2367054768782,1.41549025014988,1.07073363489558,-0.0480716954838299,-0.0210522206834552,-0.429592470546073,-0.645835668054947
-9.70456035004869,1.31510282428307,1.03429055377038,-0.0185372973686382,-0.0174679307624197,-0.321245596167973,-0.539770242160985
-9.58943423168582,1.35310466799794,1.05086267365184,-0.135024807171574,0.0214197058482833,-0.359923217103782,-0.601992605440748
-9.30788480140489,1.30188448080302,1.05198106363626,-0.147165224621382,0.0538252054573683,-0.329264142431898,-0.604712602970431
-11.3375255555835,1.43386379972678,1.08095072044248,0.126671703417374,-0.08612411980801,-0.415623837230664,-0.554079360168672
-13.559264298445,1.51525792359585,1.11201514864916,0.341697299877398,-0.104475199083004,-0.511641720089393,-0.343254783450494
-11.4339372645752,1.43396137005144,1.09098127135643,0.0421813029121283,-0.00433256504961405,-0.445289064782087,-0.530440648937851
-12.2839947350044,1.41373745614779,1.07193819895656,0.220689181187672,-0.00437460285244029,-0.410033826426587,-0.441049361330194
-10.0083440435937,1.24863189290486,1.04678295344245,0.0532412361097462,-0.0196839183907222,-0.26089085311093,-0.295849404578418
-11.118006750341,1.41024440918892,1.09957600629348,0.0998984045760926,-0.123949000346212,-0.417647043938323,-0.357505150039827
-12.535580038105,1.554870091548,1.15503997983683,0.198374864280989,-0.2300356299006,-0.56523525933563,-0.452851897617272
-12.768885934615,1.50005162992992,1.0927152187786,0.265102868088125,-0.0552596403184928,-0.490600255898041,-0.410224376555286
-11.8318056837017,1.42092020900752,1.09088952607081,0.167245704536096,-0.0718448685841163,-0.428400421894062,-0.397073422021629
-13.6150404221233,1.55960593788486,1.14393248261584,0.350829611124873,-0.210722953499833,-0.54135749906274,-0.273275685214518
-8.87844793053685,1.3291380350018,1.07775061111066,-0.166916349790639,-0.0627522972443726,-0.352967498343265,-0.610175777595725
-11.2266794595604,1.39682845722888,1.10417910153416,-0.00306337158911426,-0.0363862429169502,-0.430364140225707,-0.223148089312678
-10.2632254942746,1.28966841410781,1.05880661503721,-0.0154871007609247,0.0390364535195031,-0.315438041476285,-0.452163175034336
-10.9651992844647,1.38536095128065,1.08329413494357,0.0279422836096322,-0.00591514938507411,-0.409540123953047,-0.490941607480746
-10.9633667494887,1.351268954126,1.03315435509849,0.163528267432171,-0.00724783667896014,-0.328442499523008,-0.408789055925531
-10.8750142477484,1.38554399219075,1.07780192330524,0.0187477954310473,-0.00512868431848649,-0.411008579265658,-0.524125819539422
-12.4596771319714,1.54748599997602,1.09661921494471,0.175928583483466,-0.064058414809272,-0.534709841054094,-0.584150599226523
-10.1597686799951,1.33615748506374,1.06830415525664,-0.0602860054934541,0.0276156519217549,-0.372857099802967,-0.634987646144567
-11.9422925146948,1.44755197573281,1.06190559588314,0.166781379749739,-0.0232765280224192,-0.446610700036636,-0.266124763868983
-12.5235007159931,1.46573018601356,1.1128140774968,0.262478819677504,-0.138202157828661,-0.45560960066121,-0.32239596634102
-11.7019730289551,1.4477051975346,1.12834319907778,0.115268633999159,-0.140925447760661,-0.471464558050017,-0.399449400535387
-13.5202786690037,1.43395609504907,1.05563307752549,0.376628840428411,0.00321116949691256,-0.43191596443001,-0.262686914663524
-13.3724545468749,1.5122647461243,1.09298549934212,0.317403484720551,-0.0551488848307705,-0.498083148249243,-0.351338744610764
-11.9410517512919,1.47333970171132,1.08255775019218,0.0800897004366939,0.0282508663406679,-0.494785524940425,-0.656430341036075
-11.7622781595052,1.391365087365,1.07806134532262,0.198273795227533,-0.0669094880809308,-0.376956728740467,-0.306897462155997
-12.1208101113075,1.5310305356001,1.11440055354171,0.188192270689832,-0.169776988593009,-0.530693581737895,-0.452364195700823
-10.1682138468274,1.3688107436875,1.0817474928891,-0.128535160007532,-0.000356901824790313,-0.392422748958493,-0.335046631276705
-10.2399004515131,1.38107499722868,1.08236056380924,-0.0757385648317961,0.00388110801619459,-0.41716936399899,-0.705112604825351
-12.0803096459908,1.41533888651818,1.08306486371016,0.14694373194633,0.00904039697616818,-0.437189471569945,-0.480081360860033
-10.4341950193661,1.39134660587606,1.11084285877009,-0.0844340280563368,-0.0870175960470708,-0.423822881807752,0.226127767179419
-11.0603394903845,1.3942614008601,1.09426547352322,0.0524250561183389,-0.0550369010137745,-0.41538155608099,-0.477075956189732
-13.5480493233256,1.55559361338809,1.09186898943303,0.331010790154187,-0.0606009290358657,-0.532590479099848,-0.439184797884051
-12.2433133165889,1.4564396683353,1.10754758777699,0.228041810635235,-0.132984786607326,-0.450067116203394,-0.287480263641254
-10.0719712480567,1.33540817599466,1.05763681744613,-0.0942982148556055,0.0751351716358603,-0.374768635894767,-0.689174867230586
-10.1832562169432,1.30624425987957,1.0765820172406,-0.0414205991412819,0.0029148744990446,-0.336450033011104,-0.567962415665465
-10.5627469280009,1.35751188705568,1.07966099559535,-0.000404086057042327,-0.0130259703285659,-0.379143432243051,-0.495344868246922
-10.775703963016,1.33982200610043,1.08877734894852,-0.0328350110602667,0.037561812221235,-0.375741818898185,-0.581003551736726
-11.7060406468086,1.46442903389257,1.08781116304098,0.123534156802911,-0.100368165838949,-0.449338870020202,-0.0217294313607918
-11.8388765801088,1.33869544874649,1.05692666879529,0.13866685170506,0.0274679984192947,-0.327892593970027,-0.0254174244768544
-12.0862906451471,1.42113791945914,1.10373383993792,0.169799327060035,-0.0775828671934127,-0.438969953454974,-0.281848662840437
-10.6420893257808,1.37647473709981,1.09908344323277,-0.0404868949737119,-0.0159055821440559,-0.40970241980329,-0.588568603848216
-11.3301709777371,1.36141542515171,1.08376062379606,0.126875678354763,-0.0503591274201198,-0.354782608811811,-0.348490418045886
-12.3077747704303,1.46853847029383,1.09782141271154,0.205899101207153,-0.0858410200988172,-0.465803419058157,-0.37448698909851
-9.19900133759566,1.31369855461764,1.07176652987738,-0.135213811009453,-0.0382063212496994,-0.338348082012364,-0.799818413245564
-10.217693690713,1.31312226927852,1.05941138767764,-0.0723798603058528,0.0764985575829335,-0.351334968744637,-0.613563012274595
-11.3028698335754,1.4083259444155,1.10987252368695,0.111315451364002,-0.131149394125788,-0.423628518464001,-0.365232048373828
-9.45510655380097,1.21756460521743,1.0437741194465,-0.0835859880890647,0.0346824418122597,-0.244876871707157,-0.28964879549478
-14.6169974555846,1.55077046739486,1.12623436905053,0.441290142929814,-0.126721876681851,-0.532582880021893,0.0713123403328972
-12.0160799706372,1.4400783910566,1.08619705585283,0.162256793017857,-0.0380453336891351,-0.447949102194891,-0.509353177766964
-10.7491146820273,1.37389047392423,1.13397077157597,0.0765065411725131,-0.231682926462415,-0.389298896228462,-0.154098234406758
-9.96411256512748,1.32330532390624,1.08933684487315,-0.0654572723658885,-0.0408741545722221,-0.345015969485886,-0.469605630169805
-10.688192607634,1.3885407719337,1.09915089542553,-0.015696626240047,-0.0774167045592612,-0.40821123681024,-0.266612733462413
-10.9184538000242,1.38158646147624,1.0955961152444,-0.0234003247425331,-0.0667885908116366,-0.413110166472301,0.224146422264765
-12.2177862140341,1.41591634950108,1.06635483516443,0.250501432066092,-0.0384158951063061,-0.406093876939139,-0.342850081836238
-9.91445548635692,1.38742960964899,1.05526778455553,-0.0523804102525276,-0.0014401423204803,-0.38507912832861,-0.392440889937095
-11.4607987601969,1.3685628668124,1.05859157210719,0.19104215273581,-0.0377097134593595,-0.354212254309282,-0.355154983909086
-10.3749543044381,1.31291631001051,1.07167364073437,-0.0932253415619496,0.0204284299747952,-0.352970956288678,0.149284821093935
-12.7760999574404,1.47271527156322,1.11970566955368,0.300392046558425,-0.177531526096826,-0.461972289279032,-0.147665558580555
-11.0003891857911,1.41833941429137,1.0954540697036,-0.0307687100642728,0.0173424027071238,-0.448466394127731,-0.743395673900863
-10.7403156094726,1.36818798671098,1.0696778508449,0.0679830065161347,-0.0397112547870364,-0.36325803335462,-0.432916587203
-10.2460179779117,1.32849827712018,1.09168370570398,-0.0616440884377741,-0.0152848903399962,-0.353050240433984,-0.484854345942929
-11.6650142638174,1.45653677146638,1.11040405214365,0.119623993378094,-0.108932992981523,-0.464478650781824,-0.468364199281899
-12.1209648178364,1.52252709802354,1.1233300900249,0.115406210164975,-0.149250548126951,-0.521441213868339,0.0198680833628445
-10.8268888053847,1.44007162205254,1.09184064298341,-0.0636439939072269,-0.0423113444906422,-0.441977527003336,-0.407107024141504
-10.8389924768609,1.41038563767884,1.10287425072007,-0.0350176873457814,-0.0244455913277382,-0.435290237768008,-0.603457253964594
-10.750989834041,1.31878320492942,1.05309582620133,0.0813328327044829,0.011694439865302,-0.335914043215567,-0.436308953499294
-11.233078238063,1.46911046582982,1.07314656301496,0.0552074062721277,-0.0075722179598896,-0.466708810159453,-0.771218805440763
-12.7316038700468,1.4277902522826,1.07690401117251,0.275326708235088,-0.0246470484198456,-0.429579719300564,-0.316863328390677
-10.6483378629661,1.34788558693552,1.04930780098236,0.0607556661744689,0.0151828855609196,-0.354659873170807,-0.492668629305415
-7.04450964305503,1.1190257806706,1.07088866778072,-0.357623362335264,-0.0157531913676434,-0.183113897464303,-0.426717863024666
-10.4639715500462,1.34105540355577,1.11784426708559,0.00770710246567046,-0.107632067951327,-0.370215031275919,-0.37628907721289
-11.9313060365519,1.42183527807803,1.0958103795121,0.0840358584059139,-0.0236977528203989,-0.438866379238468,-0.444830356624952
-10.6247951102385,1.35286721734997,1.07406751202639,-0.053836101426794,0.0688548964536427,-0.392044820045834,-0.655196944455303
-12.1267542536391,1.40081209108509,1.08504264417295,0.264426147252508,-0.0945260752842357,-0.375841036410027,-0.196142794343862
-10.6281100899365,1.29782030366912,1.0693682773468,-0.0145288765081382,0.0600191494893325,-0.337869856395801,-0.491790535589727
-11.948196491822,1.40135927915817,1.08752245316745,0.138585931434597,-0.0101757493886223,-0.422238927622378,-0.396207262248589
-13.8617418628145,1.48947315309567,1.08938301312955,0.412895210418454,-0.0625539633702685,-0.478672870249055,-0.340422522838341
-11.836466069922,1.3983212469285,1.09005591429185,0.177179311301629,-0.0649337344124167,-0.394369372833251,-0.337143636924895
-11.7133689134293,1.39001041520809,1.10993797801637,0.166925511585904,-0.11237660668861,-0.398191592153537,-0.347279393476321
-10.7356328191321,1.35625380249753,1.10097376437996,0.0117736285668675,-0.0567624252887098,-0.370949721186865,-0.454231947899596
-11.7850987792502,1.39604563920657,1.08446800161323,0.111937603068935,0.00588444966355965,-0.418509251097095,-0.435478843988017
-10.9702358873331,1.4329216858182,1.0784581636184,0.0308987129389821,-0.0174571523250613,-0.430223623893865,-0.645117994119525
-8.60486608772617,1.27526050059045,1.04262503162263,-0.176952497541706,0.0830314910113364,-0.309048343231234,-0.843980463130631
-11.2078828827814,1.36153980916348,1.07168545296493,0.0969379647835352,-0.00137575262871533,-0.376420851340745,-0.495401054516339
-11.8766410593762,1.38888244639759,1.07749679927316,0.134674632421596,-0.0460229324735763,-0.382842831689901,0.100665794132621
-9.80835276087179,1.30567457070417,1.06529930547174,-0.122015402587549,0.0541992991419507,-0.341373453209003,-0.484240302192177
-13.0374171694054,1.50471006709341,1.09856976704654,0.283901948958865,-0.0754229186311454,-0.489901688870365,-0.385344021102286
-13.8942416790607,1.69922887871917,1.10184497225581,0.293755953614613,-0.10323203423289,-0.675384020894099,-0.382404716086698
-13.0375547226258,1.50450833457081,1.09535118678748,0.317953327963139,-0.110239309733976,-0.480033362333163,-0.301387236530199
-8.56191660498184,1.26071373456639,1.04521146269794,-0.272640690987265,0.0769080093994256,-0.298239969088097,-0.253107885306999
-12.8169871579006,1.48448716460496,1.10492518788955,0.298847221025805,-0.135427040185789,-0.477015869697454,-0.276851176853573
-12.1337827526346,1.46629486435072,1.13210819506227,0.201053914041055,-0.189343152205562,-0.459926980978888,-0.203152794130577
-13.8984772939827,1.57736245592316,1.11695562052829,0.355594093160515,-0.106109499942169,-0.56365612954637,-0.452698886505037
-10.604578845512,1.42257029374466,1.0743360211381,-0.105071598249701,0.0146882697598898,-0.431805568339618,-0.257043873651464
-9.7250729158304,1.26543183422291,1.10832901480295,-0.0612295372297696,-0.104220160802375,-0.30170403015801,-0.397525486346449
-13.0698309665309,1.53488538303085,1.10454865056503,0.146878662159492,-0.0485637809394704,-0.533639699865133,-0.0803189784033479
-11.5900669054595,1.4434281905658,1.11090909353152,0.071638508518524,-0.0747434736425918,-0.446878785590002,-0.299218981984935
-10.7350718029723,1.3672820637413,1.05148562865111,-0.00240306117495738,0.0337286208998976,-0.374481058998555,-0.183082017788902
-10.7589241551508,1.34309905365787,1.10721499699123,0.0221802245364957,-0.075692571904759,-0.375824385508797,-0.407815148672078
-9.03028205183312,1.2951401062698,1.06966698120805,-0.194624973563917,0.0451765991278026,-0.330113016887002,-0.411039731792762
-12.1042520570589,1.46953929828883,1.09688187967844,0.0853298462948478,0.00176417187511163,-0.477409974683986,-0.200474043718071
-14.3585793482059,1.55819453714109,1.12716959524341,0.401534677533884,-0.14406120088276,-0.570492275961084,-0.0612378112523367
-14.4198920133855,1.56286863692896,1.1009374052818,0.473474937889848,-0.110867086929204,-0.538224427310871,-0.324273535024633
-13.3684974151313,1.50100799451266,1.12097722981902,0.266802262003811,-0.0630577245284484,-0.516051468594774,-0.512067064682098
-9.77338386447344,1.30403079914437,1.09417152384308,-0.0755481724026241,-0.0653639990407445,-0.328718114562639,-0.382298296588931
-10.3145180758118,1.33794883963254,1.07418167137123,0.000487115065619936,-0.0315423356490732,-0.365373246987405,-0.482057707915418
-10.5996244160101,1.33932134634701,1.11036494256559,-0.0403123836022926,-0.0323250254811076,-0.375797460966429,-0.655744874068432
-12.5878590572996,1.54864482286836,1.1175605054832,0.123880679162266,-0.0403485220301708,-0.552093813292705,-0.387573227639374
-10.7459752830189,1.33728795994237,1.0725260328812,0.0987208619525415,-0.0642628859286584,-0.355975703712578,-0.405004399445291
-11.4068706864007,1.47065559603295,1.1203184215676,0.0365920513726354,-0.0860613662403022,-0.507071935472061,-0.717329970838917
-9.96416451554241,1.40321514015,1.08088554049882,-0.184869508110956,0.0617072727917967,-0.452272410953148,-0.429853387701107
-11.6432335160026,1.38681887945141,1.04713365006577,0.196500300648005,-0.0040372527840882,-0.372393979661616,-0.34811985840419
-9.80542405941488,1.29715627623599,1.10007779085356,-0.095822719953998,-0.064748638141607,-0.32526601702901,-0.685910715250534
-10.9017767410303,1.42459349739898,1.08129391815138,-0.028062083939542,0.0261290520739312,-0.453382242829138,-0.688957374207539
-9.48933353639752,1.27355014217032,1.05834732299192,-0.122472357183302,0.0528211149196928,-0.311264480625325,-0.607293344428505
-8.35306615485986,1.2843352109274,1.06692941052177,-0.26505593269069,0.00264105030961699,-0.308195759686642,-0.394447195261132
-9.69767189320416,1.25496940569899,1.07901334433548,-0.198446667875927,0.0537085588430449,-0.314262391120044,-0.331777391120381
-12.0128045610819,1.38465586437946,1.07936718226945,0.243264452181334,-0.0772294530912267,-0.375061779951884,-0.281918874808668
-12.8378880012863,1.45093479373263,1.12707807410661,0.208261250031446,-0.0742533048325407,-0.463338293057369,-0.332525319944755
-9.70868841160486,1.2413890542609,1.05281634777871,-0.0249428429430735,0.0146204575768824,-0.265314971292091,-0.414193407914616
-9.54766869254499,1.38121321301101,1.08979800460807,-0.127676573286089,-0.0818004852597148,-0.388131547761285,-0.484362984558047
-12.0236174590875,1.44861443788517,1.10943948652614,0.0921587368731738,-0.0211862029133198,-0.467633538135615,-0.471991653172024
-13.06433154536,1.56058123964035,1.10311334786504,0.184040570348277,-0.0110589943233294,-0.574333692618993,-0.73037086079268
-10.5585607932273,1.43610913110802,1.08729656823873,-0.0941495629353353,-0.0235345187732171,-0.451432513613076,-0.54318465822896
-8.85682302075522,1.29306887164228,1.07166344050419,-0.220601847965591,0.0157612565978831,-0.340432474505055,-0.663803892098902
-11.1114692592164,1.44676598912905,1.12527223425644,-0.0227264406034949,-0.0930871978312878,-0.450861442777525,-0.884098660820727
-12.7381807433973,1.4784398314365,1.11246210211066,0.253889559817524,-0.115328808045491,-0.456745321123124,-0.314864764343224
-8.53424519428401,1.23890358151546,1.06184750384492,-0.32266793933057,0.0887254168277187,-0.295760262582441,-0.204496427015059
-11.0127880995005,1.36212803807539,1.10085328313961,-0.000901190881473462,-0.0568124976489128,-0.371299464682894,-0.162223123788105
-9.25782418402865,1.31251504275906,1.05763338678271,-0.195754288594299,0.081767284707866,-0.349432763023949,-0.714394428199832
-13.3720793419427,1.55341945264138,1.12370174201614,0.340913541912518,-0.179951766915694,-0.541289100290146,-0.326314122381201
-13.4959080053962,1.48832111741579,1.09449047019255,0.369703107236021,-0.087638556247423,-0.473300297737917,-0.245587514728508
-10.4343912115449,1.32640235837257,1.11732738809099,-0.003138318396898,-0.114669569204272,-0.351445373600939,-0.29292086242974
-10.6657187445699,1.39049752439884,1.10975805228624,0.0204319333635073,-0.112695234632797,-0.389658552275322,-0.452744259636476
-9.53574171868633,1.24539344149835,1.10009431163357,-0.0953447173177976,-0.0664163172567776,-0.287805704350399,-0.212789446889789
-12.3203095558492,1.41119376587093,1.05538423380998,0.276589540963307,-0.0239733384511476,-0.399367590196312,-0.309738344952988
-11.1742439574979,1.33048276172053,1.06177529323194,0.172262278447035,-0.0540348907866886,-0.319137592683407,-0.213569295989674
-12.1904736108316,1.53978482045038,1.12965987250814,0.258306537655361,-0.275470831620231,-0.509268435909005,-0.258563899576878
-10.8299189638214,1.42751119906987,1.08704587609095,0.146914381228095,-0.147147901195728,-0.407200776942792,-0.629800696064321
-12.4076665159327,1.41768815194443,1.07704621291813,0.264996843540375,-0.0525719007384194,-0.403960754406265,-0.304652618579057
-9.81801345670856,1.30806141476643,1.07299525236585,-0.032504723733459,-0.0531951399917924,-0.324183888703062,-0.341479214059069
-11.2502454343659,1.41848393602894,1.09629532866816,0.0836534022819409,-0.0823929981532203,-0.406098579948177,-0.359446744620602
-10.111336571826,1.30018905047952,1.07463035246872,-0.0562449238804899,0.0152533275958142,-0.334190151396678,-0.518866314910308
-10.3195703561009,1.31400624476994,1.08770144499735,-0.0549030284665465,0.00526605067021766,-0.35210420127044,-0.529770418819518
-12.3927675795365,1.43721002407148,1.11240314551431,0.212217657358358,-0.0941831768404388,-0.430691038765974,-0.254980404430443
-10.0664788050452,1.27694734509074,1.08422705687383,-0.130778313074694,0.0130406367443821,-0.316902923914083,-0.279950202352844
-11.1368781161243,1.34805120551974,1.08137377466397,0.020246394109893,0.0478263502160058,-0.38077784808878,-0.519264339343473
-10.5745053120306,1.33302107759372,1.09180161151282,0.043775769968398,-0.0760393456254204,-0.369725309501101,-0.381349003359948
-9.06426768516977,1.3148965882553,1.06607294061684,-0.24699516156688,0.0789629772650788,-0.363013654749172,-0.834358590470668
-9.62567488548165,1.32077573953858,1.09814780449603,-0.113927754846267,-0.0629685259685629,-0.357243128648254,-0.454124262849269
-9.35172073564254,1.26634381276886,1.05144665460211,-0.118381703525386,0.0517889307056074,-0.302679567802011,-0.584808097447581
-11.1969034035002,1.36755969508551,1.08958557080553,0.121376256995725,-0.0872637161874133,-0.354386012326464,-0.257017256401675
-10.258492458454,1.34212779436312,1.07421760445575,-0.00964747373100948,-0.0289781375409812,-0.359806831176708,-0.520468874327834
-12.604840575393,1.45989319745785,1.11905559681837,0.184238357525214,-0.0685553092675635,-0.458454308336173,-0.382811698557122
-12.6300172651236,1.41200919562354,1.08724927498391,0.270383976241075,-0.051187124857907,-0.425119620511576,-0.26625181302039
-10.9935487427009,1.44313646256958,1.13011599580671,0.0513455689058609,-0.162185751937367,-0.457928451030908,-0.822376412935607
-12.8380256746452,1.50655189673814,1.09456793699746,0.200964583634224,-0.00763439588454963,-0.520979466556443,-0.632737223770577
-9.50333868083045,1.30294331515372,1.07270659930126,-0.141403849861933,0.023306211646912,-0.343436157847997,-0.620183767521756
-10.3215634426683,1.31437191466466,1.04990515257505,-0.0205867016879328,0.0691210225066448,-0.328108276334814,-0.579962168495871
-10.6926006741324,1.42502259804716,1.09118292506527,-0.0418975282665126,-0.0102356909169746,-0.445664401045379,-0.728981245318283
-12.4011326681701,1.40601020238299,1.07644265776839,0.240118698729068,-0.0241901797997047,-0.399935769223879,-0.297071246439826
-9.66595522826912,1.29170150155205,1.074783325456,-0.0582402637874028,-0.0473441782961649,-0.327995365656198,-0.409363214145171
-11.8847069198596,1.39026323852265,1.10961248127848,0.224603461465213,-0.159651990767974,-0.380790358678189,-0.142612624107766
-11.2475824068177,1.41020098648051,1.08895979916954,0.057233801522002,-0.0218102070197278,-0.4432474820091,-0.647183895800703
-13.5489526770811,1.57220383910593,1.17104331363275,0.286029423013024,-0.225837637716234,-0.583152387288039,-0.331928330572645
-10.5407383931095,1.47861879735413,1.10507609507353,-0.0108272913551723,-0.101954021983811,-0.491080589188861,-0.804404289463263
-10.0244132472073,1.32273683728565,1.11773868746625,-0.117999171468248,-0.0330312074801329,-0.362670042614563,-0.706890600516911
-9.59871682582699,1.30328070910616,1.06198550101579,-0.0740267897943996,0.00342803980386234,-0.318677394286405,-0.611711775900059
-11.2168473689909,1.33079839950437,1.08706438792731,0.103358523856692,-0.0368901585890259,-0.347502928122643,-0.367853741314777
-13.0211856823453,1.55338742467363,1.14183898249378,0.236418855898784,-0.149303304918026,-0.561296095223432,-0.571069850533482
